<PAMDataset>
  <SRS>GEOGCS[&quot;WGS 84&quot;,DATUM[&quot;WGS_1984&quot;,SPHEROID[&quot;WGS 84&quot;,6378137,298.257223563,AUTHORITY[&quot;EPSG&quot;,&quot;7030&quot;]],TOWGS84[0,0,0,0,0,0,0],AUTHORITY[&quot;EPSG&quot;,&quot;6326&quot;]],PRIMEM[&quot;Greenwich&quot;,0,AUTHORITY[&quot;EPSG&quot;,&quot;8901&quot;]],UNIT[&quot;degree&quot;,0.0174532925199433,AUTHORITY[&quot;EPSG&quot;,&quot;9108&quot;]],AUTHORITY[&quot;EPSG&quot;,&quot;4326&quot;]]</SRS>
  <GeoTransform> 1.0668597429495000e+002, 4.5228819716044001e-004, 0.0000000000000000e+000,-6.0798857871831737e+000, 0.0000000000000000e+000,-4.5228819716044001e-004</GeoTransform>
  <PAMRasterBand band="1">
    <NoDataValue>-9.99900000000000E+003</NoDataValue>
    <Metadata>
      <MDI key="STATISTICS_MAXIMUM">15.700200080872</MDI>
      <MDI key="STATISTICS_MEAN">0.12566055649438</MDI>
      <MDI key="STATISTICS_MINIMUM">0</MDI>
      <MDI key="STATISTICS_STDDEV">0.45946701092083</MDI>
    </Metadata>
  </PAMRasterBand>
</PAMDataset>
