<?xml version="1.0" encoding="UTF-8"?>
<metadata xml:lang="en"><Esri><CreaDate>20121218</CreaDate><CreaTime>10381200</CreaTime><ArcGISFormat>1.0</ArcGISFormat><SyncOnce>TRUE</SyncOnce><DataProperties><lineage><Process ToolSource="C:\Program Files\ArcGIS\Desktop10.0\ArcToolbox\Toolboxes\Data Management Tools.tbx\CalculateField" Date="20121218" Time="103312">CalculateField Kelurahan_flood2 FLOODPRONE NO VB #</Process><Process ToolSource="C:\Program Files\ArcGIS\Desktop10.0\ArcToolbox\Toolboxes\Data Management Tools.tbx\CalculateField" Date="20121218" Time="103415">CalculateField Kelurahan_flood2 FLOODPRONE NO VB #</Process></lineage></DataProperties></Esri></metadata>
