<?xml version="1.0" encoding="UTF-8"?>
<metadata xml:lang="id"><Esri><CreaDate>20121218</CreaDate><CreaTime>10122400</CreaTime><ArcGISFormat>1.0</ArcGISFormat><SyncOnce>TRUE</SyncOnce><DataProperties><lineage><Process ToolSource="C:\Program Files (x86)\ArcGIS\Desktop10.0\ArcToolbox\Toolboxes\Data Management Tools.tbx\CalculateField" Date="20120419" Time="162349">CalculateField RW_Jakarta_19042012 KEC_NAME "KEMAYORAN" VB #</Process><Process ToolSource="C:\Program Files (x86)\ArcGIS\Desktop10.0\ArcToolbox\Toolboxes\Data Management Tools.tbx\CalculateField" Date="20120419" Time="162516">CalculateField RW_Jakarta_19042012 KEC_NAME "TANAH ABANG" VB #</Process></lineage></DataProperties></Esri></metadata>
